id,file_v1,author_ja,author_reading,author_sex,author_birth,author_death,title_aozora,aozora_person_id,aozora_work_id,aozora_card_url,year_first,year_first_end,year_source,period,ndc,ndc_label,genre_main,genre_sub,form,audience,register_level,narration,first_medium,kana_orthography,completeness,note,tokens,types,ttr_x1000,kanji_ratio,katakana_ratio,bungo_per10k,kogo_per10k,p1_per10k,p3_per10k,gaiji_lost,kana_odoriji,kanji_odoriji,ditto_mark,latin_chars,arabic_digits,style_class
JLIT001,中島敦_光と風と夢.txt,中島敦,なかじま あつし,M,1909,1942,光と風と夢,000119,1743,https://www.aozora.gr.jp/cards/000119/card1743.html,1942,1942,editor,5_昭和戦前(1926-1944),913,日本文学／小説・物語,Fiction,Historical,novel,general,canonical,mixed,magazine,新字新仮名,complete,初出『文學界』1942年5月。カードに初出欄なし,50346,7266,144.32,0.3514,0.0838,25.2,15.3,91.8,44.5,0,0,196,0,235,0,B_過渡的文体
JLIT002,乱歩_宇宙怪人.txt,江戸川乱歩,えどがわ らんぽ,M,1894,1965,宇宙怪人,001779,56674,https://www.aozora.gr.jp/cards/001779/card56674.html,1953,1953,card,6_昭和戦後(1945-),K913,児童書／日本の小説・物語,Fiction,Juvenile-Mystery,novel,juvenile,popular,third,magazine,新字新仮名,complete,「少年」1953年1〜12月号,53728,3959,73.69,0.138,0.0486,14.0,212.2,13.6,1.1,0,0,36,0,0,0,C_口語体
JLIT003,乱歩_少年探偵団.txt,江戸川乱歩,えどがわ らんぽ,M,1894,1965,少年探偵団,001779,56669,https://www.aozora.gr.jp/cards/001779/card56669.html,1937,1937,card,5_昭和戦前(1926-1944),K913,児童書／日本の小説・物語,Fiction,Juvenile-Mystery,novel,juvenile,popular,third,magazine,新字新仮名,complete,「少年倶楽部」1937年1〜12月号,59938,4946,82.52,0.175,0.024,17.4,227.4,18.7,2.7,0,0,30,0,32,5,C_口語体
JLIT004,乱歩_灰色の巨人.txt,江戸川乱歩,えどがわ らんぽ,M,1894,1965,灰色の巨人,001779,56676,https://www.aozora.gr.jp/cards/001779/card56676.html,1955,1955,card,6_昭和戦後(1945-),K913,児童書／日本の小説・物語,Fiction,Juvenile-Mystery,novel,juvenile,popular,third,magazine,新字新仮名,DUPLICATE,【重大】当該ファイルの本文は『魔法博士』と同一。『灰色の巨人』は未収録。要再取得,46258,3205,69.29,0.1443,0.0415,13.8,216.0,19.9,0.6,0,0,6,0,30,0,C_口語体
JLIT005,乱歩_魔法博士.txt,江戸川乱歩,えどがわ らんぽ,M,1894,1965,魔法博士,001779,56679,https://www.aozora.gr.jp/cards/001779/card56679.html,1956,1956,card,6_昭和戦後(1945-),K913,児童書／日本の小説・物語,Fiction,Juvenile-Mystery,novel,juvenile,popular,third,magazine,新字新仮名,complete,「少年」1956年1〜12月号,46152,3204,69.42,0.1443,0.0414,13.9,216.5,19.9,0.7,0,0,6,0,30,0,C_口語体
JLIT006,啄木_鳥影.txt,石川啄木,いしかわ たくぼく,M,1886,1912,鳥影,000153,46947,https://www.aozora.gr.jp/cards/000153/card46947.html,1908,1908,card,3_明治後期(1900-1911),913,日本文学／小説・物語,Fiction,Naturalist,novel,general,canonical,third,newspaper,新字旧仮名,complete,「東京毎日新聞」1908年11〜12月。旧仮名・仮名踊り字を含む,60529,5985,98.88,0.3676,0.0234,11.9,65.9,43.5,6.8,10,75,147,0,43,0,C_口語体
JLIT007,坂口安吾_JIRORIの女.txt,坂口安吾,さかぐち あんご,M,1906,1955,ジロリの女,001095,42827,https://www.aozora.gr.jp/cards/001095/card42827.html,1948,1948,card,6_昭和戦後(1945-),913,日本文学／小説・物語,Fiction,Modern,novella,general,canonical,first,magazine,新字新仮名,complete,ファイル名の 'JIRORI' はローマ字化。正題は「ジロリの女」,31495,4433,140.75,0.2396,0.0587,23.5,138.8,218.1,6.4,0,0,74,0,1,0,C_口語体
JLIT008,坂口安吾_不連続殺人.txt,坂口安吾,さかぐち あんご,M,1906,1955,不連続殺人事件,001095,42626,https://www.aozora.gr.jp/cards/001095/card42626.html,1947,1948,card,6_昭和戦後(1945-),913,日本文学／小説・物語,Fiction,Detective,novel,general,middlebrow,first,magazine,新字新仮名,complete,「日本小説」1947年8月〜1948年8月,99434,8859,89.09,0.2728,0.0516,22.8,161.9,67.9,11.0,0,0,316,0,55,1,C_口語体
JLIT009,坂口安吾_二流の人.txt,坂口安吾,さかぐち あんご,M,1906,1955,二流の人,001095,42919,https://www.aozora.gr.jp/cards/001095/card42919.html,1947,1947,card,6_昭和戦後(1945-),913,日本文学／小説・物語,Fiction,Historical,novella,general,canonical,third,book,新字旧仮名,complete,カード記載は九州書房版1947年。雑誌初出（1941「文體」）説あり。v1 の1944は典拠不明,35975,5817,161.7,0.3936,0.0145,27.0,12.2,29.7,34.2,0,0,106,0,0,0,B_過渡的文体
JLIT010,坂口安吾_復員殺人.txt,坂口安吾,さかぐち あんご,M,1906,1955,復員殺人事件,001095,43163,https://www.aozora.gr.jp/cards/001095/card43163.html,1949,1950,card,6_昭和戦後(1945-),913,日本文学／小説・物語,Fiction,Detective,novel,general,middlebrow,first,magazine,新字新仮名,incomplete,「座談」1949〜1950年、未完,60197,6077,100.95,0.2695,0.053,28.7,179.2,45.8,18.4,1,0,111,0,0,0,C_口語体
JLIT011,坂口安吾_金銭無情.txt,坂口安吾,さかぐち あんご,M,1906,1955,金銭無情,001095,42866,https://www.aozora.gr.jp/cards/001095/card42866.html,1947,1947,card,6_昭和戦後(1945-),913,日本文学／小説・物語,Fiction,Modern,cycle,general,canonical,third,magazine,新字旧仮名,complete,「金銭無情」「失恋難」「夜の王様」「王様失脚」4篇の連作。v1 の 'Experimental?' を改める,49097,6146,125.18,0.255,0.0705,29.5,67.4,51.1,22.4,0,1,79,0,8,0,C_口語体
JLIT012,壷井栄_二十四の瞳.txt,壺井栄,つぼい さかえ,F,1899,1967,二十四の瞳,001875,57856,https://www.aozora.gr.jp/cards/001875/card57856.html,1952,1952,card,6_昭和戦後(1945-),913,日本文学／小説・物語,Fiction,Modern,novel,general,middlebrow,third,magazine,新字新仮名,complete,ファイル名の「壷」は正字「壺」,67800,6455,95.21,0.1826,0.022,19.6,76.8,14.0,17.3,0,0,21,0,4,0,C_口語体
JLIT013,壷井栄_妻の座.txt,壺井栄,つぼい さかえ,F,1899,1967,妻の座,001875,60071,https://www.aozora.gr.jp/cards/001875/card60071.html,1947,1949,card,6_昭和戦後(1945-),913,日本文学／小説・物語,Fiction,Modern,novel,general,middlebrow,third,magazine,新字新仮名,complete,「新日本文学」1947年8月、1949年2〜4月・7月,51377,5523,107.5,0.2232,0.024,21.2,69.1,39.9,11.1,0,0,51,0,2,0,C_口語体
JLIT014,多喜二_不在地主.txt,小林多喜二,こばやし たきじ,M,1903,1933,不在地主,000156,49181,https://www.aozora.gr.jp/cards/000156/card49181.html,1929,1929,card,5_昭和戦前(1926-1944),913,日本文学／小説・物語,Fiction,Proletarian,novella,general,canonical,third,magazine,新字新仮名,complete,「中央公論」1929年11月号ほか。外字欠落27件,44523,5180,116.34,0.2934,0.037,22.7,29.9,28.1,1.3,27,0,115,1,56,0,C_口語体
JLIT015,多喜二_党生活者.txt,小林多喜二,こばやし たきじ,M,1903,1933,党生活者,000156,833,https://www.aozora.gr.jp/cards/000156/card833.html,1933,1933,editor,5_昭和戦前(1926-1944),913,日本文学／小説・物語,Fiction,Proletarian,novella,general,canonical,first,magazine,新字新仮名,complete,初出は「転換時代」の題で『中央公論』1933年4・5月。カードに初出欄なし,42073,4181,99.37,0.2878,0.0326,20.9,35.9,144.7,26.1,0,0,113,0,47,0,C_口語体
JLIT016,多喜二_工場細胞.txt,小林多喜二,こばやし たきじ,M,1903,1933,工場細胞,000156,1466,https://www.aozora.gr.jp/cards/000156/card1466.html,1930,1930,card,5_昭和戦前(1926-1944),913,日本文学／小説・物語,Fiction,Proletarian,novella,general,canonical,third,magazine,新字新仮名,complete,「改造」1930年4〜6月号。仮名踊り字23件,40424,4783,118.32,0.2863,0.0514,16.1,51.0,32.2,50.0,1,23,101,0,174,13,C_口語体
JLIT017,多喜二_蟹工船.txt,小林多喜二,こばやし たきじ,M,1903,1933,蟹工船,000156,1465,https://www.aozora.gr.jp/cards/000156/card1465.html,1929,1929,card,5_昭和戦前(1926-1944),913,日本文学／小説・物語,Fiction,Proletarian,novella,general,canonical,third,magazine,新字新仮名,complete,「戦旗」1929年5・6月号,40323,4774,118.39,0.2721,0.0544,29.8,42.4,31.2,6.7,0,0,87,0,20,11,C_口語体
JLIT018,夢野久作_DOGRA.txt,夢野久作,ゆめの きゅうさく,M,1889,1936,ドグラ・マグラ,000096,2093,https://www.aozora.gr.jp/cards/000096/card2093.html,1935,1935,editor,5_昭和戦前(1926-1944),913,日本文学／小説・物語,Fiction,Detective,novel,general,middlebrow,first,book,新字新仮名,complete,1935年1月 松柏館書店刊（自費出版）。カードに初出欄なし,266811,17246,64.64,0.3454,0.045,41.9,85.4,61.8,3.6,2,0,634,0,328,2,B_過渡的文体
JLIT019,夢野久作_少女地獄.txt,夢野久作,ゆめの きゅうさく,M,1889,1936,少女地獄,000096,935,https://www.aozora.gr.jp/cards/000096/card935.html,1936,1936,card,5_昭和戦前(1926-1944),913,日本文学／小説・物語,Fiction,Detective,collection,general,middlebrow,mixed,book,新字新仮名,complete,「少女地獄」黒白書房1936年3月。3篇の作品集,64806,7109,109.7,0.3192,0.0492,34.9,156.8,108.3,39.2,0,0,80,0,24,0,C_口語体
JLIT020,夢野久作_押絵の奇蹟.txt,夢野久作,ゆめの きゅうさく,M,1889,1936,押絵の奇蹟,000096,930,https://www.aozora.gr.jp/cards/000096/card930.html,1929,1929,card,5_昭和戦前(1926-1944),913,日本文学／小説・物語,Fiction,Detective,novella,general,middlebrow,first,magazine,新字新仮名,complete,「新青年」1929年1月。書簡体,36269,4365,120.35,0.2746,0.0227,86.6,175.6,129.0,0.3,0,0,63,0,0,0,B_過渡的文体
JLIT021,太宰_人間失格.txt,太宰治,だざい おさむ,M,1909,1948,人間失格,000035,301,https://www.aozora.gr.jp/cards/000035/card301.html,1948,1948,editor,6_昭和戦後(1945-),913,日本文学／小説・物語,Fiction,Modern,novel,general,canonical,first,magazine,新字新仮名,complete,初出『展望』1948年6〜8月,44964,5408,120.27,0.2553,0.0266,30.9,91.9,181.5,5.1,0,0,25,0,10,0,C_口語体
JLIT022,太宰_斜陽.txt,太宰治,だざい おさむ,M,1909,1948,斜陽,000035,1565,https://www.aozora.gr.jp/cards/000035/card1565.html,1947,1947,editor,6_昭和戦後(1945-),913,日本文学／小説・物語,Fiction,Modern,novel,general,canonical,first,magazine,新字新仮名,complete,初出『新潮』1947年7〜10月,55108,5445,98.81,0.2207,0.021,24.1,124.7,168.4,0.7,0,0,33,0,45,0,C_口語体
JLIT023,室生犀星_蜜のあわれ.txt,室生犀星,むろう さいせい,M,1889,1962,蜜のあわれ,001579,53503,https://www.aozora.gr.jp/cards/001579/card53503.html,1959,1959,card,6_昭和戦後(1945-),913,日本文学／小説・物語,Fiction,Experimental,novella,general,canonical,dialogue,magazine,新字新仮名,complete,「新潮」1959年1〜4月。全篇対話体。v1 の「超現実主義的」を改める,48730,4506,92.47,0.1754,0.0063,14.4,133.4,32.0,3.1,1,0,32,0,0,0,C_口語体
JLIT024,宮本百合子_二つの庭.txt,宮本百合子,みやもと ゆりこ,F,1899,1951,二つの庭,000311,2011,https://www.aozora.gr.jp/cards/000311/card2011.html,1947,1947,card,6_昭和戦後(1945-),913,日本文学／小説・物語,Fiction,Modern,novel,general,canonical,third,magazine,新字新仮名,complete,「中央公論」1947年1・3〜9月号。三部作の第2部,119603,9689,81.01,0.2484,0.022,13.0,60.1,52.0,4.1,0,0,217,0,65,4,C_口語体
JLIT025,宮本百合子_伸子.txt,宮本百合子,みやもと ゆりこ,F,1899,1951,伸子,000311,2015,https://www.aozora.gr.jp/cards/000311/card2015.html,1924,1926,card,4_大正(1912-1925),913,日本文学／小説・物語,Fiction,Modern,novel,general,canonical,third,magazine,新字新仮名,complete,「改造」1924年9月〜1926年9月。v1 の1927は単行本年,148254,11438,77.15,0.2822,0.0139,18.2,66.5,77.4,68.3,1,0,358,0,185,8,C_口語体
JLIT026,宮本百合子_播州平野.txt,宮本百合子,みやもと ゆりこ,F,1899,1951,播州平野,000311,2013,https://www.aozora.gr.jp/cards/000311/card2013.html,1946,1947,editor,6_昭和戦後(1945-),913,日本文学／小説・物語,Fiction,Modern,novel,general,canonical,first,magazine,新字新仮名,complete,「新日本文学」創刊号（1946年3月）ほか。カードに年次記載なし,65997,7907,119.81,0.2704,0.0163,18.0,51.8,22.0,2.0,0,0,144,0,3,2,C_口語体
JLIT027,宮本百合子_道標.txt,宮本百合子,みやもと ゆりこ,F,1899,1951,道標,000311,2012,https://www.aozora.gr.jp/cards/000311/card2012.html,1947,1950,card,6_昭和戦後(1945-),913,日本文学／小説・物語,Fiction,Modern,novel,general,canonical,third,magazine,新字新仮名,complete,「展望」1947年10月〜1950年12月。外字欠落86件,490142,21565,44.0,0.2431,0.0756,12.5,105.4,40.6,11.9,86,0,1037,0,184,55,C_口語体
JLIT028,小栗虫太郎_潜航艇「鷹の城」.txt,小栗虫太郎,おぐり むしたろう,M,1901,1946,潜航艇「鷹の城」,000125,43656,https://www.aozora.gr.jp/cards/000125/card43656.html,1935,1935,card,5_昭和戦前(1926-1944),913,日本文学／小説・物語,Fiction,Detective,novella,general,middlebrow,first,magazine,新字新仮名,complete,【修正】v1 の1977は底本（現代教養文庫）刊年。初出は「新青年」1935年4〜5月号,39906,5563,139.4,0.2653,0.0523,18.0,108.8,28.6,19.8,0,0,67,0,452,8,C_口語体
JLIT029,小栗虫太郎_白蟻.txt,小栗虫太郎,おぐり むしたろう,M,1901,1946,白蟻,000125,666,https://www.aozora.gr.jp/cards/000125/card666.html,1935,1935,editor,5_昭和戦前(1926-1944),913,日本文学／小説・物語,Fiction,Detective,novella,general,middlebrow,first,magazine,新字新仮名,complete,「新青年」1935年。カードに初出欄なし,34013,4710,138.48,0.2598,0.0056,16.8,122.9,53.2,19.1,0,0,39,0,1,1,C_口語体
JLIT030,小栗虫太郎_黒死館.txt,小栗虫太郎,おぐり むしたろう,M,1901,1946,黒死館殺人事件,000125,1317,https://www.aozora.gr.jp/cards/000125/card1317.html,1934,1934,card,5_昭和戦前(1926-1944),913,日本文学／小説・物語,Fiction,Detective,novel,general,middlebrow,first,magazine,新字新仮名,complete,「新青年」1934年4〜12月号。外字欠落19件、ラテン文字1098字,186895,13484,72.15,0.3129,0.0401,18.9,101.3,29.6,14.1,19,0,218,0,1098,12,C_口語体
JLIT031,岡本かの子_仏教人生読本.txt,岡本かの子,おかもと かのこ,F,1889,1939,仏教人生読本,000076,52342,https://www.aozora.gr.jp/cards/000076/card52342.html,1934,1934,editor,5_昭和戦前(1926-1944),180,仏教（総記）,Nonfiction,Religious-Didactic,treatise,general,middlebrow,none,book,新字新仮名,complete,【修正】NDC 180（仏教）。v1 の「自己啓発？/Essay?」を改める,76541,8417,109.97,0.3275,0.0067,43.4,262.2,44.6,3.9,4,0,164,0,22,0,B_過渡的文体
JLIT032,岡本かの子_母子叙情.txt,岡本かの子,おかもと かのこ,F,1889,1939,母子叙情,000076,1282,https://www.aozora.gr.jp/cards/000076/card1282.html,1937,1937,card,5_昭和戦前(1926-1944),913,日本文学／小説・物語,Fiction,Modern,novella,general,canonical,third,magazine,新字新仮名,complete,「文学界」1937年3月号,48465,6657,137.36,0.3026,0.0284,18.0,96.8,59.0,15.9,3,0,100,0,68,0,C_口語体
JLIT033,岡本かの子_生々流転.txt,岡本かの子,おかもと かのこ,F,1889,1939,生々流転,000076,45641,https://www.aozora.gr.jp/cards/000076/card45641.html,1939,1940,editor,5_昭和戦前(1926-1944),913,日本文学／小説・物語,Fiction,Modern,novel,general,canonical,first,magazine,新字新仮名,incomplete,作者急逝により未完。仮名踊り字191件・外字欠落20件,186608,15928,85.36,0.2969,0.0101,27.9,132.5,143.2,8.8,20,191,238,0,91,0,C_口語体
JLIT034,徳冨蘆花_不如帰.txt,徳冨蘆花,とくとみ ろか,M,1868,1927,小説 不如帰,000280,1706,https://www.aozora.gr.jp/cards/000280/card1706.html,1898,1899,editor,2_明治中期(1887-1899),913,日本文学／小説・物語,Fiction,Melodrama,novel,general,popular,third,newspaper,新字新仮名,complete,「國民新聞」1898年11月〜1899年5月。文語的措辞が濃厚（文語標識156.5/万語）。外字欠落47件,80167,9564,119.3,0.2868,0.0097,156.5,93.9,23.2,10.6,47,0,301,0,0,0,B_過渡的文体
JLIT035,林芙美子_放浪記初出.txt,林芙美子,はやし ふみこ,F,1903,1951,放浪記（初出）,000291,45649,https://www.aozora.gr.jp/cards/000291/card45649.html,1928,1930,card,5_昭和戦前(1926-1944),913,日本文学／小説・物語,Nonfiction,Autobiographical-Diary,diary-novel,general,middlebrow,first,magazine,新字新仮名,complete,「女人藝術」1928年10月〜1930年10月。初出形。校訂注の混入1件（「裏」はママ］）,64446,7572,117.49,0.2778,0.0507,16.8,66.7,140.6,5.4,5,34,140,0,5,0,C_口語体
JLIT036,林芙美子_新版放浪記.txt,林芙美子,はやし ふみこ,F,1903,1951,新版 放浪記,000291,1813,https://www.aozora.gr.jp/cards/000291/card1813.html,1928,1930,card,5_昭和戦前(1926-1944),913,日本文学／小説・物語,Nonfiction,Autobiographical-Diary,diary-novel,general,middlebrow,first,book,新字新仮名,revised,初出は上に同じ。本テクストは1949年の改稿版（新版）。版差研究用のペア,154617,12781,82.66,0.2709,0.0358,29.8,63.3,136.5,3.1,0,0,315,0,5,11,C_口語体
JLIT037,海野十三_地球要塞.txt,海野十三,うんの じゅうざ,M,1897,1949,地球要塞,000160,3239,https://www.aozora.gr.jp/cards/000160/card3239.html,1940,1941,card,5_昭和戦前(1926-1944),913,日本文学／小説・物語,Fiction,SF,novel,general,popular,first,magazine,新字新仮名,complete,「譚海」1940年8月〜1941年2月号,45402,5012,110.39,0.2635,0.0318,20.5,41.6,145.4,9.0,0,0,20,0,157,5,C_口語体
JLIT038,海野十三_怪塔王.txt,海野十三,うんの じゅうざ,M,1897,1949,怪塔王,000160,3370,https://www.aozora.gr.jp/cards/000160/card3370.html,1938,1938,card,5_昭和戦前(1926-1944),K913,児童書／日本の小説・物語,Fiction,Juvenile-SF,novel,juvenile,popular,third,newspaper,新字新仮名,complete,「東日本小学生新聞」1938年4〜12月,99361,6774,68.18,0.2101,0.0191,23.1,165.8,28.9,9.2,0,0,31,0,4,238,C_口語体
JLIT039,海野十三_敗戦日記.txt,海野十三,うんの じゅうざ,M,1897,1949,海野十三敗戦日記,000160,1255,https://www.aozora.gr.jp/cards/000160/card1255.html,1944,1945,editor,5_昭和戦前(1926-1944),915,日本文学／日記・書簡・紀行,Nonfiction,Diary,diary,general,documentary,first,book,新字新仮名,complete,【重大】青空文庫の奥付・入力者注・外字一覧が本文末尾に残存。外字欠落110件。要再構築,50131,8499,169.54,0.3819,0.0284,49.7,15.0,21.9,1.4,110,0,76,4,330,393,B_過渡的文体
JLIT040,海野十三_浮かぶ飛行島.txt,海野十三,うんの じゅうざ,M,1897,1949,浮かぶ飛行島,000160,3527,https://www.aozora.gr.jp/cards/000160/card3527.html,1938,1938,card,5_昭和戦前(1926-1944),K913,児童書／日本の小説・物語,Fiction,Juvenile-SF,novel,juvenile,popular,third,magazine,新字新仮名,complete,「少年倶楽部」1938年1〜12月,74707,7452,99.75,0.2748,0.0358,16.9,84.1,33.6,21.6,0,0,54,0,1,0,C_口語体
JLIT041,海野十三_火星兵団.txt,海野十三,うんの じゅうざ,M,1897,1949,火星兵団,000160,3368,https://www.aozora.gr.jp/cards/000160/card3368.html,1939,1940,card,5_昭和戦前(1926-1944),K913,児童書／日本の小説・物語,Fiction,Juvenile-SF,novel,juvenile,popular,third,newspaper,新字新仮名,complete,「大毎小学生新聞」「東日本小学生新聞」1939年9月〜1940年12月,190367,9281,48.75,0.2221,0.0153,13.7,93.7,34.1,8.9,0,0,393,0,0,135,C_口語体
JLIT042,漱石_こころ.txt,夏目漱石,なつめ そうせき,M,1867,1916,こころ,000148,773,https://www.aozora.gr.jp/cards/000148/card773.html,1914,1914,card,4_大正(1912-1925),913,日本文学／小説・物語,Fiction,Modern,novel,general,canonical,first,newspaper,新字新仮名,complete,「朝日新聞」1914年4〜8月,103604,7040,67.95,0.2775,0.0011,19.4,160.3,285.7,30.3,0,0,173,0,411,0,C_口語体
JLIT043,漱石_三四郎.txt,夏目漱石,なつめ そうせき,M,1867,1916,三四郎,000148,794,https://www.aozora.gr.jp/cards/000148/card794.html,1908,1908,card,3_明治後期(1900-1911),913,日本文学／小説・物語,Fiction,Bildungsroman,novel,general,canonical,third,newspaper,新字新仮名,complete,「朝日新聞」1908年9月1日〜12月29日,103792,7500,72.26,0.2623,0.0093,13.0,67.0,20.8,0.9,0,0,352,0,179,16,C_口語体
JLIT044,漱石_坊っちゃん.txt,夏目漱石,なつめ そうせき,M,1867,1916,坊っちゃん,000148,752,https://www.aozora.gr.jp/cards/000148/card752.html,1906,1906,card,3_明治後期(1900-1911),913,日本文学／小説・物語,Fiction,Modern,novella,general,canonical,first,magazine,新字新仮名,complete,「ホトトギス」1906年4月,55672,5861,105.28,0.2823,0.0123,13.7,81.0,108.5,0.2,0,0,82,0,27,0,C_口語体
JLIT045,漱石_草枕.txt,夏目漱石,なつめ そうせき,M,1867,1916,草枕,000148,776,https://www.aozora.gr.jp/cards/000148/card776.html,1906,1906,card,3_明治後期(1900-1911),913,日本文学／小説・物語,Fiction,Aesthetic,novella,general,canonical,first,magazine,新字新仮名,complete,「新小説」1906年9月。漢文脈が濃い,54857,7230,131.8,0.3006,0.0052,35.7,70.7,15.5,4.6,0,0,78,0,291,0,C_口語体
JLIT046,福翁_学問.txt,福沢諭吉,ふくざわ ゆきち,M,1835,1901,学問のすすめ,000296,47061,https://www.aozora.gr.jp/cards/000296/card47061.html,1872,1876,card,1_明治前期(〜1886),370,教育（総記）,Nonfiction,Enlightenment-Didactic,treatise,general,canonical,none,book,新字新仮名,complete,初編1872年、全17編1876年完結。文語標識407.3/万語 ＝ 本コーパス中最も文語的,54035,5348,98.97,0.3306,0.0053,407.3,0.2,15.9,3.0,0,0,63,0,5,0,A_文語体
JLIT047,福翁_自伝.txt,福沢諭吉,ふくざわ ゆきち,M,1835,1901,福翁自伝,000296,1864,https://www.aozora.gr.jp/cards/000296/card1864.html,1898,1899,card,2_明治中期(1887-1899),289,伝記／個人伝記,Nonfiction,Autobiography,autobiography,general,canonical,first,newspaper,新字新仮名,complete,「時事新報」1898年7月〜1899年2月。口述筆記による言文一致の早期例,142443,10429,73.22,0.4105,0.0216,27.2,25.5,94.7,4.6,7,4,505,0,9,0,C_口語体
JLIT048,綺堂_両国の秋.txt,岡本綺堂,おかもと きどう,M,1872,1939,両国の秋,000082,478,https://www.aozora.gr.jp/cards/000082/card478.html,1916,1916,editor,4_大正(1912-1925),913,日本文学／小説・物語,Fiction,Ghost-Story,short-story,general,popular,third,magazine,新字新仮名,complete,カードに初出欄なし。v1 の1916を暫定的に維持、要確認,36707,4368,119.0,0.2563,0.0002,5.7,34.6,61.0,67.0,0,0,20,0,0,0,C_口語体
JLIT049,綺堂_半七捕物帳.txt,岡本綺堂,おかもと きどう,M,1872,1939,半七捕物帳 69 白蝶怪,000082,964,https://www.aozora.gr.jp/cards/000082/card964.html,1936,1936,editor,5_昭和戦前(1926-1944),913,日本文学／小説・物語,Fiction,Detective-Edo,short-story,general,popular,first,magazine,新字新仮名,complete,【修正】シリーズ第69話。v1 の1917はシリーズ開始年。白蝶怪は後期作。要確認,49248,4459,90.54,0.2815,0.0003,8.3,57.1,39.8,37.4,0,0,132,0,0,0,C_口語体
JLIT050,綺堂_玉藻の前.txt,岡本綺堂,おかもと きどう,M,1872,1939,玉藻の前,000082,480,https://www.aozora.gr.jp/cards/000082/card480.html,1917,1918,editor,4_大正(1912-1925),913,日本文学／小説・物語,Fiction,Historical-Fantasy,novel,general,popular,third,newspaper,新字新仮名,complete,カードに初出欄なし,82938,7759,93.55,0.2825,0.0001,17.4,57.2,39.3,91.4,0,0,61,0,0,0,C_口語体
JLIT051,綺堂_青蛙堂鬼談.txt,岡本綺堂,おかもと きどう,M,1872,1939,青蛙堂鬼談,000082,1307,https://www.aozora.gr.jp/cards/000082/card1307.html,1926,1926,editor,5_昭和戦前(1926-1944),913,日本文学／小説・物語,Fiction,Ghost-Story,collection,general,popular,mixed,magazine,新字新仮名,complete,枠物語形式の怪談集。カードに初出欄なし,76021,7042,92.63,0.2653,0.0018,20.5,76.8,56.4,43.9,0,0,97,0,37,0,C_口語体
JLIT052,綺堂_飛騨の怪談.txt,岡本綺堂,おかもと きどう,M,1872,1939,飛騨の怪談,000082,49682,https://www.aozora.gr.jp/cards/000082/card49682.html,1912,1913,card,4_大正(1912-1925),913,日本文学／小説・物語,Fiction,Ghost-Story,novel,general,popular,first,newspaper,新字新仮名,complete,【修正】「やまと新聞」1912年11月13日〜1913年1月21日。v1 の1913は完結年,69118,6239,90.27,0.3656,0.0035,15.5,42.8,23.7,58.5,0,0,230,0,3,0,C_口語体
JLIT053,芥川_偸盗.txt,芥川竜之介,あくたがわ りゅうのすけ,M,1892,1927,偸盗,000879,31,https://www.aozora.gr.jp/cards/000879/card31.html,1917,1917,card,4_大正(1912-1925),913,日本文学／小説・物語,Fiction,Historical,novella,general,canonical,third,magazine,新字新仮名,complete,「中央公論」1917年4・7月,31541,3868,122.63,0.2274,0.0,8.6,44.4,73.2,32.3,0,0,49,0,0,0,C_口語体
JLIT054,芥川_文芸的な.txt,芥川竜之介,あくたがわ りゅうのすけ,M,1892,1927,文芸的な、余りに文芸的な,000879,26,https://www.aozora.gr.jp/cards/000879/card26.html,1927,1927,card,5_昭和戦前(1926-1944),914,日本文学／評論・随筆,Nonfiction,Criticism,essay,general,canonical,first,magazine,新字旧仮名,complete,【修正】NDC 914（随筆・評論）。「改造」1927年4〜8月,31315,3484,111.26,0.3514,0.0471,9.3,1.0,160.9,17.6,0,0,81,0,102,4,C_口語体
JLIT055,藤村_千曲川.txt,島崎藤村,しまざき とうそん,M,1872,1943,千曲川のスケッチ,000158,1503,https://www.aozora.gr.jp/cards/000158/card1503.html,1911,1912,editor,3_明治後期(1900-1911),914,日本文学／評論・随筆,Nonfiction,Sketch-Essay,essay,general,canonical,first,magazine,新字新仮名,complete,【修正】NDC 914。写生文。カードに初出欄なし,54434,6417,117.89,0.3603,0.0124,15.6,25.7,83.8,1.3,0,0,209,0,139,0,C_口語体
JLIT056,藤村_夜明け前.txt,島崎藤村,しまざき とうそん,M,1872,1943,夜明け前（第一部上〜第二部下）,000158,1504-1507,https://www.aozora.gr.jp/cards/000158/card1504.html,1929,1935,editor,5_昭和戦前(1926-1944),913,日本文学／小説・物語,Fiction,Historical,novel,general,canonical,third,magazine,新字新仮名,complete,【修正】「中央公論」1929〜1935年。v1 の1935は完結年。青空文庫では4カードに分割,502937,22716,45.17,0.3408,0.0045,22.5,39.5,24.7,32.4,52,0,560,0,0,0,C_口語体
JLIT057,藤村_家.txt,島崎藤村,しまざき とうそん,M,1872,1943,家（下）,000158,1510,https://www.aozora.gr.jp/cards/000158/card1510.html,1910,1911,editor,3_明治後期(1900-1911),913,日本文学／小説・物語,Fiction,Modern,novel,general,canonical,third,newspaper,新字新仮名,PARTIAL,【重大】下巻のみ収録。上巻（card1509）が欠落。作品全体としては不完全,95663,6572,68.7,0.3323,0.0131,13.0,78.2,65.3,29.8,11,0,147,0,15,0,C_口語体
JLIT058,藤村_新生.txt,島崎藤村,しまざき とうそん,M,1872,1943,新生,000158,843,https://www.aozora.gr.jp/cards/000158/card843.html,1918,1919,card,4_大正(1912-1925),913,日本文学／小説・物語,Fiction,Modern,novel,general,canonical,third,newspaper,新字新仮名,complete,【修正】「東京朝日新聞」1918年5月〜1919年10月。v1 の1919は完結年,217887,10925,50.14,0.339,0.0109,12.9,33.4,68.0,88.3,0,0,274,0,835,0,C_口語体
JLIT059,藤村_破戒.txt,島崎藤村,しまざき とうそん,M,1872,1943,破戒,000158,1502,https://www.aozora.gr.jp/cards/000158/card1502.html,1906,1906,card,3_明治後期(1900-1911),913,日本文学／小説・物語,Fiction,Naturalist,novel,general,canonical,third,book,新字旧仮名,complete,緑蔭叢書1906年3月（自費出版）。新字旧仮名・仮名踊り字218件,138602,8468,61.1,0.3713,0.0014,20.9,36.9,47.3,21.3,0,218,395,0,0,0,C_口語体
JLIT060,鴎外_ヰタ.txt,森鴎外,もり おうがい,M,1862,1922,ヰタ・セクスアリス,000129,695,https://www.aozora.gr.jp/cards/000129/card695.html,1909,1909,card,3_明治後期(1900-1911),913,日本文学／小説・物語,Fiction,Modern,novella,general,canonical,first,magazine,新字新仮名,complete,「昴」1909年7月,38708,4620,119.36,0.3168,0.0015,13.2,10.1,138.2,8.8,0,0,39,0,856,0,C_口語体
JLIT061,鴎外_伊沢蘭軒.txt,森鴎外,もり おうがい,M,1862,1922,伊沢蘭軒,000129,2084,https://www.aozora.gr.jp/cards/000129/card2084.html,1916,1917,card,4_大正(1912-1925),913,日本文学／小説・物語,Nonfiction,Historical-Biography,biography,general,canonical,first,newspaper,新字旧仮名,complete,史伝。漢字率51.3%（最高）。外字欠落166件（最多）,336111,24427,72.68,0.5132,0.0013,82.1,2.1,41.7,3.0,166,0,477,0,0,0,B_過渡的文体
JLIT062,鴎外_大塩平八郎.txt,森鴎外,もり おうがい,M,1862,1922,大塩平八郎,000129,2298,https://www.aozora.gr.jp/cards/000129/card2298.html,1914,1914,editor,4_大正(1912-1925),913,日本文学／小説・物語,Fiction,Historical,novella,general,canonical,third,magazine,新字旧仮名,complete,初出『中央公論』1914年1月。カードに初出欄なし,30555,4558,149.17,0.4724,0.0002,14.4,11.1,18.0,2.0,0,0,50,0,0,55,C_口語体
JLIT063,鴎外_渋江抽斎.txt,森鴎外,もり おうがい,M,1862,1922,渋江抽斎,000129,2058,https://www.aozora.gr.jp/cards/000129/card2058.html,1916,1916,card,4_大正(1912-1925),913,日本文学／小説・物語,Nonfiction,Historical-Biography,biography,general,canonical,first,newspaper,新字新仮名,complete,「大阪毎日新聞」「東京日日新聞」1916年1月13日〜5月17日。外字欠落17件,112138,11143,99.37,0.4221,0.0029,22.5,6.7,26.5,1.8,17,0,116,0,0,0,B_過渡的文体
JLIT064,鴎外_青年.txt,森鴎外,もり おうがい,M,1862,1922,青年,000129,2522,https://www.aozora.gr.jp/cards/000129/card2522.html,1910,1911,card,3_明治後期(1900-1911),913,日本文学／小説・物語,Fiction,Bildungsroman,novel,general,canonical,third,magazine,新字新仮名,complete,【修正】「昴」1910年3月〜1911年8月。v1 の1910は開始年のみ。ラテン文字1895字（独語）,79931,7656,95.78,0.3091,0.0102,11.5,54.8,33.7,1.6,2,0,114,0,1895,0,C_口語体
