file,tokens,types,ttr_x1000,mean_sent_tokens,kanji_ratio,kata_ratio,bungo_per10k,kogo_per10k,p1_per10k,p3_per10k,gaiji_marker,kana_odoriji,kanji_odoriji,ditto_mark,latin_chars,arabic_digits
中島敦_光と風と夢.txt,50346,7266,144.32,19.54,0.3514,0.0838,25.2,15.3,91.8,44.5,0,0,196,0,235,0
乱歩_宇宙怪人.txt,53728,3959,73.69,19.43,0.138,0.0486,14.0,212.2,13.6,1.1,0,0,36,0,0,0
乱歩_少年探偵団.txt,59938,4946,82.52,20.94,0.175,0.024,17.4,227.4,18.7,2.7,0,0,30,0,32,5
乱歩_灰色の巨人.txt,46258,3205,69.29,17.64,0.1443,0.0415,13.8,216.0,19.9,0.6,0,0,6,0,30,0
乱歩_魔法博士.txt,46152,3204,69.42,17.6,0.1443,0.0414,13.9,216.5,19.9,0.7,0,0,6,0,30,0
啄木_鳥影.txt,60529,5985,98.88,17.38,0.3676,0.0234,11.9,65.9,43.5,6.8,10,75,147,0,43,0
坂口安吾_JIRORIの女.txt,31495,4433,140.75,21.5,0.2396,0.0587,23.5,138.8,218.1,6.4,0,0,74,0,1,0
坂口安吾_不連続殺人.txt,99434,8859,89.09,19.19,0.2728,0.0516,22.8,161.9,67.9,11.0,0,0,316,0,55,1
坂口安吾_二流の人.txt,35975,5817,161.7,26.85,0.3936,0.0145,27.0,12.2,29.7,34.2,0,0,106,0,0,0
坂口安吾_復員殺人.txt,60197,6077,100.95,15.96,0.2695,0.053,28.7,179.2,45.8,18.4,1,0,111,0,0,0
坂口安吾_金銭無情.txt,49097,6146,125.18,22.3,0.255,0.0705,29.5,67.4,51.1,22.4,0,1,79,0,8,0
壷井栄_二十四の瞳.txt,67800,6455,95.21,36.28,0.1826,0.022,19.6,76.8,14.0,17.3,0,0,21,0,4,0
壷井栄_妻の座.txt,51377,5523,107.5,76.68,0.2232,0.024,21.2,69.1,39.9,11.1,0,0,51,0,2,0
多喜二_不在地主.txt,44523,5180,116.34,15.9,0.2934,0.037,22.7,29.9,28.1,1.3,27,0,115,1,56,0
多喜二_党生活者.txt,42073,4181,99.37,24.0,0.2878,0.0326,20.9,35.9,144.7,26.1,0,0,113,0,47,0
多喜二_工場細胞.txt,40424,4783,118.32,16.02,0.2863,0.0514,16.1,51.0,32.2,50.0,1,23,101,0,174,13
多喜二_蟹工船.txt,40323,4774,118.39,17.72,0.2721,0.0544,29.8,42.4,31.2,6.7,0,0,87,0,20,11
夢野久作_DOGRA.txt,266811,17246,64.64,20.6,0.3454,0.045,41.9,85.4,61.8,3.6,2,0,634,0,328,2
夢野久作_少女地獄.txt,64806,7109,109.7,18.83,0.3192,0.0492,34.9,156.8,108.3,39.2,0,0,80,0,24,0
夢野久作_押絵の奇蹟.txt,36269,4365,120.35,32.38,0.2746,0.0227,86.6,175.6,129.0,0.3,0,0,63,0,0,0
太宰_人間失格.txt,44964,5408,120.27,26.61,0.2553,0.0266,30.9,91.9,181.5,5.1,0,0,25,0,10,0
太宰_斜陽.txt,55108,5445,98.81,19.62,0.2207,0.021,24.1,124.7,168.4,0.7,0,0,33,0,45,0
室生犀星_蜜のあわれ.txt,48730,4506,92.47,26.11,0.1754,0.0063,14.4,133.4,32.0,3.1,1,0,32,0,0,0
宮本百合子_二つの庭.txt,119603,9689,81.01,39.58,0.2484,0.022,13.0,60.1,52.0,4.1,0,0,217,0,65,4
宮本百合子_伸子.txt,148254,11438,77.15,34.81,0.2822,0.0139,18.2,66.5,77.4,68.3,1,0,358,0,185,8
宮本百合子_播州平野.txt,65997,7907,119.81,43.76,0.2704,0.0163,18.0,51.8,22.0,2.0,0,0,144,0,3,2
宮本百合子_道標.txt,490142,21565,44.0,50.32,0.2431,0.0756,12.5,105.4,40.6,11.9,86,0,1037,0,184,55
小栗虫太郎_潜航艇「鷹の城」.txt,39906,5563,139.4,27.58,0.2653,0.0523,18.0,108.8,28.6,19.8,0,0,67,0,452,8
小栗虫太郎_白蟻.txt,34013,4710,138.48,35.88,0.2598,0.0056,16.8,122.9,53.2,19.1,0,0,39,0,1,1
小栗虫太郎_黒死館.txt,186895,13484,72.15,29.06,0.3129,0.0401,18.9,101.3,29.6,14.1,19,0,218,0,1098,12
岡本かの子_仏教人生読本.txt,76541,8417,109.97,65.25,0.3275,0.0067,43.4,262.2,44.6,3.9,4,0,164,0,22,0
岡本かの子_母子叙情.txt,48465,6657,137.36,56.22,0.3026,0.0284,18.0,96.8,59.0,15.9,3,0,100,0,68,0
岡本かの子_生々流転.txt,186608,15928,85.36,70.0,0.2969,0.0101,27.9,132.5,143.2,8.8,20,191,238,0,91,0
徳冨蘆花_不如帰.txt,80167,9564,119.3,48.82,0.2868,0.0097,156.5,93.9,23.2,10.6,47,0,301,0,0,0
林芙美子_放浪記初出.txt,64446,7572,117.49,20.14,0.2778,0.0507,16.8,66.7,140.6,5.4,5,34,140,0,5,0
林芙美子_新版放浪記.txt,154617,12781,82.66,38.32,0.2709,0.0358,29.8,63.3,136.5,3.1,0,0,315,0,5,11
海野十三_地球要塞.txt,45402,5012,110.39,15.9,0.2635,0.0318,20.5,41.6,145.4,9.0,0,0,20,0,157,5
海野十三_怪塔王.txt,99361,6774,68.18,16.49,0.2101,0.0191,23.1,165.8,28.9,9.2,0,0,31,0,4,238
海野十三_敗戦日記.txt,50131,8499,169.54,16.85,0.3819,0.0284,49.7,15.0,21.9,1.4,110,0,76,4,330,393
海野十三_浮かぶ飛行島.txt,74707,7452,99.75,15.76,0.2748,0.0358,16.9,84.1,33.6,21.6,0,0,54,0,1,0
海野十三_火星兵団.txt,190367,9281,48.75,16.02,0.2221,0.0153,13.7,93.7,34.1,8.9,0,0,393,0,0,135
漱石_こころ.txt,103604,7040,67.95,19.97,0.2775,0.0011,19.4,160.3,285.7,30.3,0,0,173,0,411,0
漱石_三四郎.txt,103792,7500,72.26,14.77,0.2623,0.0093,13.0,67.0,20.8,0.9,0,0,352,0,179,16
漱石_坊っちゃん.txt,55672,5861,105.28,20.15,0.2823,0.0123,13.7,81.0,108.5,0.2,0,0,82,0,27,0
漱石_草枕.txt,54857,7230,131.8,16.8,0.3006,0.0052,35.7,70.7,15.5,4.6,0,0,78,0,291,0
福翁_学問.txt,54035,5348,98.97,33.88,0.3306,0.0053,407.3,0.2,15.9,3.0,0,0,63,0,5,0
福翁_自伝.txt,142443,10429,73.22,46.93,0.4105,0.0216,27.2,25.5,94.7,4.6,7,4,505,0,9,0
綺堂_両国の秋.txt,36707,4368,119.0,19.88,0.2563,0.0002,5.7,34.6,61.0,67.0,0,0,20,0,0,0
綺堂_半七捕物帳.txt,49248,4459,90.54,20.08,0.2815,0.0003,8.3,57.1,39.8,37.4,0,0,132,0,0,0
綺堂_玉藻の前.txt,82938,7759,93.55,19.99,0.2825,0.0001,17.4,57.2,39.3,91.4,0,0,61,0,0,0
綺堂_青蛙堂鬼談.txt,76021,7042,92.63,28.22,0.2653,0.0018,20.5,76.8,56.4,43.9,0,0,97,0,37,0
綺堂_飛騨の怪談.txt,69118,6239,90.27,19.56,0.3656,0.0035,15.5,42.8,23.7,58.5,0,0,230,0,3,0
芥川_偸盗.txt,31541,3868,122.63,21.87,0.2274,0.0,8.6,44.4,73.2,32.3,0,0,49,0,0,0
芥川_文芸的な.txt,31315,3484,111.26,22.32,0.3514,0.0471,9.3,1.0,160.9,17.6,0,0,81,0,102,4
藤村_千曲川.txt,54434,6417,117.89,21.65,0.3603,0.0124,15.6,25.7,83.8,1.3,0,0,209,0,139,0
藤村_夜明け前.txt,502937,22716,45.17,79.97,0.3408,0.0045,22.5,39.5,24.7,32.4,52,0,560,0,0,0
藤村_家.txt,95663,6572,68.7,18.55,0.3323,0.0131,13.0,78.2,65.3,29.8,11,0,147,0,15,0
藤村_新生.txt,217887,10925,50.14,24.18,0.339,0.0109,12.9,33.4,68.0,88.3,0,0,274,0,835,0
藤村_破戒.txt,138602,8468,61.1,23.11,0.3713,0.0014,20.9,36.9,47.3,21.3,0,218,395,0,0,0
鴎外_ヰタ.txt,38708,4620,119.36,16.9,0.3168,0.0015,13.2,10.1,138.2,8.8,0,0,39,0,856,0
鴎外_伊沢蘭軒.txt,336111,24427,72.68,16.23,0.5132,0.0013,82.1,2.1,41.7,3.0,166,0,477,0,0,0
鴎外_大塩平八郎.txt,30555,4558,149.17,20.93,0.4724,0.0002,14.4,11.1,18.0,2.0,0,0,50,0,0,55
鴎外_渋江抽斎.txt,112138,11143,99.37,22.37,0.4221,0.0029,22.5,6.7,26.5,1.8,17,0,116,0,0,0
鴎外_青年.txt,79931,7656,95.78,21.23,0.3091,0.0102,11.5,54.8,33.7,1.6,2,0,114,0,1895,0
